date,total_cases,new_cases,new_cases_smoothed,total_deaths,new_deaths,new_deaths_smoothed
2020-03-08,1.0,0.0,0.143,,,
2020-03-09,1.0,0.0,0.143,,,
2020-03-10,1.0,0.0,0.0,,,
2020-03-11,1.0,0.0,0.0,,,
2020-03-12,1.0,0.0,0.0,,,
2020-03-13,3.0,2.0,0.286,1.0,1.0,
2020-03-14,3.0,0.0,0.286,1.0,0.0,
2020-03-15,3.0,0.0,0.286,1.0,0.0,
2020-03-16,7.0,4.0,0.857,1.0,0.0,
2020-03-17,14.0,7.0,1.857,2.0,1.0,
2020-03-18,14.0,0.0,1.857,2.0,0.0,0.286
2020-03-19,16.0,2.0,2.143,2.0,0.0,0.286
2020-03-20,29.0,13.0,3.714,3.0,1.0,0.286
2020-03-21,47.0,18.0,6.286,3.0,0.0,0.286
2020-03-22,73.0,26.0,10.0,3.0,0.0,0.286
2020-03-23,73.0,0.0,9.429,3.0,0.0,0.286
2020-03-24,97.0,24.0,11.857,3.0,0.0,0.143
2020-03-25,145.0,48.0,18.714,5.0,2.0,0.429
2020-03-26,196.0,51.0,25.714,5.0,0.0,0.429
2020-03-27,310.0,114.0,40.143,5.0,0.0,0.286
2020-03-28,356.0,46.0,44.143,9.0,4.0,0.857
2020-03-29,475.0,119.0,57.429,10.0,1.0,1.0
2020-03-30,548.0,73.0,67.857,13.0,3.0,1.429
2020-03-31,645.0,97.0,78.286,17.0,4.0,2.0
2020-04-01,794.0,149.0,92.714,20.0,3.0,2.143
2020-04-02,897.0,103.0,100.143,22.0,2.0,2.429
2020-04-03,1072.0,175.0,108.857,27.0,5.0,3.143
2020-04-04,1225.0,153.0,124.143,32.0,5.0,3.286
2020-04-05,1308.0,83.0,119.0,37.0,5.0,3.857
2020-04-06,1319.0,11.0,110.143,38.0,1.0,3.571
2020-04-07,1462.0,143.0,116.714,45.0,7.0,4.0
2020-04-08,1668.0,206.0,124.857,52.0,7.0,4.571
2020-04-09,1892.0,224.0,142.143,57.0,5.0,5.0
2020-04-10,2203.0,311.0,161.571,69.0,12.0,6.0
2020-04-11,2511.0,308.0,183.714,73.0,4.0,5.857
2020-04-12,2777.0,266.0,209.857,83.0,10.0,6.571
2020-04-13,3102.0,325.0,254.714,93.0,10.0,7.857
2020-04-14,3372.0,270.0,272.857,98.0,5.0,7.571
2020-04-15,3764.0,392.0,299.429,108.0,10.0,8.0
2020-04-16,4161.0,397.0,324.143,116.0,8.0,8.429
2020-04-17,4662.0,501.0,351.286,125.0,9.0,8.0
2020-04-18,5106.0,444.0,370.714,133.0,8.0,8.571
2020-04-19,5449.0,343.0,381.714,141.0,8.0,8.286
2020-04-20,5710.0,261.0,372.571,151.0,10.0,8.286
2020-04-21,6125.0,415.0,393.286,161.0,10.0,9.0
2020-04-22,6592.0,467.0,404.0,174.0,13.0,9.429
2020-04-23,7170.0,578.0,429.857,187.0,13.0,10.143
2020-04-24,7647.0,477.0,426.429,201.0,14.0,10.857
2020-04-25,8125.0,478.0,431.286,201.0,0.0,9.714
2020-04-26,8617.0,492.0,452.571,209.0,8.0,9.714
2020-04-27,9009.0,392.0,471.286,220.0,11.0,9.857
2020-04-28,9410.0,401.0,469.286,239.0,19.0,11.143
2020-04-29,9866.0,456.0,467.714,250.0,11.0,10.857
2020-04-30,10406.0,540.0,462.286,261.0,11.0,10.571
2020-05-01,10861.0,455.0,459.143,272.0,11.0,10.143
2020-05-02,11411.0,550.0,469.429,279.0,7.0,11.143
2020-05-03,11913.0,502.0,470.857,288.0,9.0,11.286
2020-05-04,12331.0,418.0,474.571,303.0,15.0,11.857
2020-05-05,12697.0,366.0,469.571,316.0,13.0,11.0
2020-05-06,13184.0,487.0,474.0,327.0,11.0,11.0
2020-05-07,13691.0,507.0,469.286,340.0,13.0,11.286
2020-05-08,14195.0,504.0,476.286,361.0,21.0,12.714
2020-05-09,14710.0,515.0,471.286,376.0,15.0,13.857
2020-05-10,15232.0,522.0,474.143,391.0,15.0,14.714
2020-05-11,15648.0,416.0,473.857,408.0,17.0,15.0
2020-05-12,16023.0,375.0,475.143,425.0,17.0,15.571
2020-05-13,16425.0,402.0,463.0,439.0,14.0,16.0
2020-05-14,16847.0,422.0,450.857,456.0,17.0,16.571
2020-05-15,17330.0,483.0,447.857,476.0,20.0,16.429
2020-05-16,17858.0,528.0,449.714,497.0,21.0,17.286
2020-05-17,18291.0,433.0,437.0,514.0,17.0,17.571
2020-05-18,18616.0,325.0,424.0,535.0,21.0,18.143
2020-05-19,18876.0,260.0,407.571,548.0,13.0,17.571
2020-05-20,19230.0,354.0,400.714,564.0,16.0,17.857
2020-05-21,19706.0,476.0,408.429,579.0,15.0,17.571
2020-05-22,20148.0,442.0,402.571,588.0,9.0,16.0
2020-05-23,20580.0,432.0,388.857,605.0,17.0,15.429
2020-05-24,20986.0,406.0,385.0,617.0,12.0,14.714
2020-05-25,21245.0,259.0,375.571,623.0,6.0,12.571
2020-05-26,21584.0,339.0,386.857,644.0,21.0,13.714
2020-05-27,21905.0,321.0,382.143,658.0,14.0,13.429
2020-05-28,22382.0,477.0,382.286,669.0,11.0,12.857
2020-05-29,22811.0,429.0,380.429,679.0,10.0,13.0
2020-05-30,23204.0,393.0,374.857,696.0,17.0,13.0
2020-05-31,23672.0,468.0,383.714,708.0,12.0,13.0
2020-06-01,24562.0,890.0,473.857,724.0,16.0,14.429
2020-06-02,24895.0,333.0,473.0,733.0,9.0,12.714
2020-06-03,25385.0,490.0,497.143,742.0,9.0,12.0
2020-06-04,25981.0,596.0,514.143,755.0,13.0,12.286
2020-06-05,26542.0,561.0,533.0,770.0,15.0,13.0
2020-06-06,27101.0,559.0,556.714,785.0,15.0,12.714
2020-06-07,27599.0,498.0,561.0,796.0,11.0,12.571
2020-06-08,28077.0,478.0,502.143,805.0,9.0,11.571
2020-06-09,28479.0,402.0,512.0,818.0,13.0,12.143
2020-06-10,29015.0,536.0,518.571,841.0,23.0,14.143
2020-06-11,29706.0,691.0,532.143,864.0,23.0,15.571
2020-06-12,30415.0,709.0,553.286,880.0,16.0,15.714
2020-06-13,31177.0,762.0,582.286,890.0,10.0,15.0
2020-06-14,31851.0,674.0,607.429,899.0,9.0,14.714
2020-06-15,32536.0,685.0,637.0,911.0,12.0,15.143
2020-06-16,33209.0,673.0,675.714,922.0,11.0,14.857
2020-06-17,33986.0,777.0,710.143,953.0,31.0,16.0
2020-06-18,34833.0,847.0,732.429,976.0,23.0,16.0
2020-06-19,35755.0,922.0,762.857,995.0,19.0,16.429
2020-06-20,36615.0,860.0,776.857,1004.0,9.0,16.286
2020-06-21,37361.0,746.0,787.143,1012.0,8.0,16.143
2020-06-22,38056.0,695.0,788.571,1022.0,10.0,15.857
2020-06-23,38901.0,845.0,813.143,1045.0,23.0,17.571
2020-06-24,39852.0,951.0,838.0,1061.0,16.0,15.429
2020-06-25,40854.0,1002.0,860.143,1078.0,17.0,14.571
2020-06-26,41975.0,1121.0,888.571,1097.0,19.0,14.571
2020-06-27,42932.0,957.0,902.429,1121.0,24.0,16.714
2020-06-28,43856.0,924.0,927.857,1142.0,21.0,18.571
2020-06-29,44538.0,682.0,926.0,1161.0,19.0,19.857
2020-06-30,45254.0,716.0,907.571,1173.0,12.0,18.286
2020-07-01,45924.0,670.0,867.429,1188.0,15.0,18.143
2020-07-02,46821.0,897.0,852.429,1200.0,12.0,17.429
2020-07-03,47705.0,884.0,818.571,1227.0,27.0,18.571
2020-07-04,48628.0,923.0,813.714,1243.0,16.0,17.429
2020-07-05,49468.0,840.0,801.714,1265.0,22.0,17.571
2020-07-06,50053.0,585.0,787.857,1278.0,13.0,16.714
2020-07-07,50622.0,569.0,766.857,1299.0,21.0,18.0
2020-07-08,51457.0,835.0,790.429,1323.0,24.0,19.286
2020-07-09,52285.0,828.0,780.571,1344.0,21.0,20.571
2020-07-10,53116.0,831.0,773.0,1362.0,18.0,19.286
2020-07-11,53941.0,825.0,759.0,1389.0,27.0,20.857
2020-07-12,54647.0,706.0,739.857,1400.0,11.0,19.286
2020-07-13,55285.0,638.0,747.429,1415.0,15.0,19.571
2020-07-14,55931.0,646.0,758.429,1429.0,14.0,18.571
2020-07-15,56779.0,848.0,760.286,1444.0,15.0,17.286
2020-07-16,57640.0,861.0,765.0,1462.0,18.0,16.857
2020-07-17,58466.0,826.0,764.286,1473.0,11.0,15.857
2020-07-18,59333.0,867.0,770.286,1496.0,23.0,15.286
2020-07-19,60077.0,744.0,775.714,1504.0,8.0,14.857
2020-07-20,60767.0,690.0,783.143,1517.0,13.0,14.571
2020-07-21,61454.0,687.0,789.0,1537.0,20.0,15.429
2020-07-22,62295.0,841.0,788.0,1553.0,16.0,15.571
2020-07-23,63169.0,874.0,789.857,1570.0,17.0,15.429
2020-07-24,64173.0,1004.0,815.286,1591.0,21.0,16.857
2020-07-25,65317.0,1144.0,854.857,1610.0,19.0,16.286
2020-07-26,66261.0,944.0,883.429,1625.0,15.0,17.286
2020-07-27,67096.0,835.0,904.143,1636.0,11.0,17.0
2020-07-28,68030.0,934.0,939.429,1650.0,14.0,16.143
2020-07-29,69078.0,1048.0,969.0,1673.0,23.0,17.143
2020-07-30,70300.0,1222.0,1018.714,1697.0,24.0,18.143
2020-07-31,71404.0,1104.0,1033.0,1717.0,20.0,18.0
2020-08-01,72609.0,1205.0,1041.714,1733.0,16.0,17.571
2020-08-02,73761.0,1152.0,1071.429,1749.0,16.0,17.714
2020-08-03,74781.0,1020.0,1097.857,1762.0,13.0,18.0
2020-08-04,75880.0,1099.0,1121.429,1788.0,26.0,19.714
2020-08-05,77169.0,1289.0,1155.857,1813.0,25.0,20.0
2020-08-06,78515.0,1346.0,1173.571,1846.0,33.0,21.286
2020-08-07,80018.0,1503.0,1230.571,1879.0,33.0,23.143
2020-08-08,81534.0,1516.0,1275.0,1906.0,27.0,24.714
2020-08-09,82767.0,1233.0,1286.571,1925.0,19.0,25.143
2020-08-10,83812.0,1045.0,1290.143,1950.0,25.0,26.857
2020-08-11,85023.0,1211.0,1306.143,1979.0,29.0,27.286
2020-08-12,86504.0,1481.0,1333.571,1999.0,20.0,26.571
2020-08-13,88136.0,1632.0,1374.429,2023.0,24.0,25.286
2020-08-14,89917.0,1781.0,1414.143,2042.0,19.0,23.286
2020-08-15,91795.0,1878.0,1465.857,2076.0,34.0,24.286
2020-08-16,93490.0,1695.0,1531.857,2100.0,24.0,25.0
2020-08-17,95007.0,1517.0,1599.286,2122.0,22.0,24.571
2020-08-18,96653.0,1646.0,1661.429,2152.0,30.0,24.714
2020-08-19,98658.0,2005.0,1736.286,2182.0,30.0,26.143
2020-08-20,100810.0,2152.0,1810.571,2225.0,43.0,28.857
2020-08-21,102948.0,2138.0,1861.571,2248.0,23.0,29.429
2020-08-22,105337.0,2389.0,1934.571,2286.0,38.0,30.0
2020-08-23,107379.0,2042.0,1984.143,2313.0,27.0,30.429
2020-08-24,109234.0,1855.0,2032.429,2335.0,22.0,30.429
2020-08-25,110949.0,1715.0,2042.286,2362.0,27.0,30.0
2020-08-26,112653.0,1704.0,1999.286,2399.0,37.0,31.0
2020-08-27,114663.0,2010.0,1979.0,2449.0,50.0,32.0
2020-08-28,117172.0,2509.0,2032.0,2499.0,50.0,35.857
2020-08-29,119751.0,2579.0,2059.143,2540.0,41.0,36.286
2020-08-30,121930.0,2179.0,2078.714,2575.0,35.0,37.429
2020-08-31,124132.0,2202.0,2128.286,2605.0,30.0,38.571
2020-09-01,126279.0,2147.0,2190.0,2654.0,49.0,41.714
2020-09-02,128833.0,2554.0,2311.429,2705.0,51.0,43.714
2020-09-03,131300.0,2467.0,2376.714,2759.0,54.0,44.286
2020-09-04,134069.0,2769.0,2413.857,2812.0,53.0,44.714
2020-09-05,136966.0,2897.0,2459.286,2863.0,51.0,46.143
2020-09-06,139171.0,2205.0,2463.0,2898.0,35.0,46.143
2020-09-07,141424.0,2253.0,2470.286,2930.0,32.0,46.429
2020-09-08,143914.0,2490.0,2519.286,2988.0,58.0,47.714
2020-09-09,146511.0,2597.0,2525.429,3034.0,46.0,47.0
2020-09-10,149146.0,2635.0,2549.429,3079.0,45.0,45.714
2020-09-11,152373.0,3227.0,2614.857,3132.0,53.0,45.714
2020-09-12,155558.0,3185.0,2656.0,3206.0,74.0,49.0
2020-09-13,158122.0,2564.0,2707.286,3239.0,33.0,48.714
2020-09-14,160679.0,2557.0,2750.714,3273.0,34.0,49.0
2020-09-15,163678.0,2999.0,2823.429,3326.0,53.0,48.286
2020-09-16,166694.0,3016.0,2883.286,3404.0,78.0,52.857
2020-09-17,170373.0,3679.0,3032.429,3465.0,61.0,55.143
2020-09-18,173703.0,3330.0,3047.143,3535.0,70.0,57.571
2020-09-19,177048.0,3345.0,3070.0,3585.0,50.0,54.143
2020-09-20,180119.0,3071.0,3142.429,3626.0,41.0,55.286
2020-09-21,182900.0,2781.0,3174.429,3652.0,26.0,54.143
2020-09-22,185890.0,2990.0,3173.143,3716.0,64.0,55.714
2020-09-23,189488.0,3598.0,3256.286,3784.0,68.0,54.286
2020-09-24,192966.0,3478.0,3227.571,3838.0,54.0,53.286
2020-09-25,196631.0,3665.0,3275.429,3910.0,72.0,53.571
2020-09-26,200566.0,3935.0,3359.714,3988.0,78.0,57.571
2020-09-27,203799.0,3233.0,3382.857,4044.0,56.0,59.714
2020-09-28,206579.0,2780.0,3382.714,4082.0,38.0,61.429
2020-09-29,210309.0,3730.0,3488.429,4154.0,72.0,62.571
2020-09-30,214446.0,4137.0,3565.429,4221.0,67.0,62.429
2020-10-01,218625.0,4179.0,3665.571,4288.0,67.0,64.286
2020-10-02,223376.0,4751.0,3820.714,4357.0,69.0,63.857
2020-10-03,228161.0,4785.0,3942.143,4451.0,94.0,66.143
2020-10-04,232424.0,4263.0,4089.286,4495.0,44.0,64.429
2020-10-05,236329.0,3905.0,4250.0,4530.0,35.0,64.0
2020-10-06,240811.0,4482.0,4357.429,4624.0,94.0,67.143
2020-10-07,245698.0,4887.0,4464.571,4707.0,83.0,69.429
2020-10-08,251243.0,5545.0,4659.714,4807.0,100.0,74.143
2020-10-09,257204.0,5961.0,4832.571,4899.0,92.0,77.429
2020-10-10,263105.0,5901.0,4992.0,5010.0,111.0,79.857
2020-10-11,268065.0,4960.0,5091.571,5098.0,88.0,86.143
2020-10-12,272671.0,4606.0,5191.714,5143.0,45.0,87.571
2020-10-13,277982.0,5311.0,5310.143,5254.0,111.0,90.0
2020-10-14,283762.0,5780.0,5437.714,5365.0,111.0,94.0
2020-10-15,289022.0,5260.0,5397.0,5443.0,78.0,90.857
2020-10-16,295227.0,6205.0,5431.857,5551.0,108.0,93.143
2020-10-17,301856.0,6629.0,5535.857,5669.0,118.0,94.143
2020-10-18,307301.0,5445.0,5605.143,5762.0,93.0,94.857
2020-10-19,312287.0,4986.0,5659.429,5834.0,72.0,98.714
2020-10-20,317967.0,5680.0,5712.143,5948.0,114.0,99.143
2020-10-21,324942.0,6975.0,5882.857,6093.0,145.0,104.0
2020-10-22,332262.0,7320.0,6177.143,6213.0,120.0,110.0
2020-10-23,340042.0,7780.0,6402.143,6336.0,123.0,112.143
2020-10-24,347317.0,7275.0,6494.429,6463.0,127.0,113.429
2020-10-25,353723.0,6406.0,6631.714,6566.0,103.0,114.857
2020-10-26,359348.0,5625.0,6723.0,6641.0,75.0,115.286
2020-10-27,366233.0,6885.0,6895.143,6770.0,129.0,117.429
2020-10-28,374023.0,7790.0,7011.571,6938.0,168.0,120.714
2020-10-29,381664.0,7641.0,7057.429,7058.0,120.0,120.714
2020-10-30,390272.0,8608.0,7175.714,7235.0,177.0,128.429
2020-10-31,399330.0,9058.0,7430.429,7399.0,164.0,133.714
2020-11-01,407573.0,8243.0,7692.857,7515.0,116.0,135.571
2020-11-02,414567.0,6994.0,7888.429,7584.0,69.0,134.714
2020-11-03,423683.0,9116.0,8207.143,7749.0,165.0,139.857
2020-11-04,433492.0,9809.0,8495.571,7952.0,203.0,144.857
2020-11-05,443630.0,10138.0,8852.286,8148.0,196.0,155.714
2020-11-06,453565.0,9935.0,9041.857,8358.0,210.0,160.429
2020-11-07,464598.0,11033.0,9324.0,8553.0,195.0,164.857
2020-11-08,474245.0,9647.0,9524.571,8695.0,142.0,168.571
2020-11-09,483153.0,8908.0,9798.0,8812.0,117.0,175.429
2020-11-10,493544.0,10391.0,9980.143,9018.0,206.0,181.286
2020-11-11,504423.0,10879.0,10133.0,9214.0,196.0,180.286
2020-11-12,515755.0,11332.0,10303.571,9422.0,208.0,182.0
2020-11-13,527808.0,12053.0,10606.143,9604.0,182.0,178.0
2020-11-14,540593.0,12785.0,10856.429,9806.0,202.0,179.0
2020-11-15,551533.0,10940.0,11041.143,9904.0,98.0,172.714
2020-11-16,561581.0,10048.0,11204.0,10002.0,98.0,170.0
2020-11-17,573758.0,12177.0,11459.143,10168.0,166.0,164.286
2020-11-18,586522.0,12764.0,11728.429,10431.0,263.0,173.857
2020-11-19,600152.0,13630.0,12056.714,10694.0,263.0,181.714
2020-11-20,614986.0,14834.0,12454.0,10929.0,235.0,189.286
2020-11-21,629850.0,14864.0,12751.0,11149.0,220.0,191.857
2020-11-22,642215.0,12365.0,12954.571,11292.0,143.0,198.286
2020-11-23,653442.0,11227.0,13123.0,11423.0,131.0,203.0
2020-11-24,665968.0,12526.0,13172.857,11619.0,196.0,207.286
2020-11-25,680132.0,14164.0,13372.857,11857.0,238.0,203.714
2020-11-26,695755.0,15623.0,13657.571,12091.0,234.0,199.571
2020-11-27,712249.0,16494.0,13894.714,12292.0,201.0,194.714
2020-11-28,728834.0,16585.0,14140.571,12485.0,193.0,190.857
2020-11-29,742105.0,13271.0,14270.0,12613.0,128.0,188.714
2020-11-30,752343.0,10238.0,14128.714,12731.0,118.0,186.857
2020-12-01,765117.0,12774.0,14164.143,12962.0,231.0,191.857
2020-12-02,778560.0,13443.0,14061.143,13140.0,178.0,183.286
2020-12-03,793372.0,14812.0,13945.286,13394.0,254.0,186.143
2020-12-04,808828.0,15456.0,13797.0,13641.0,247.0,192.714
2020-12-05,822985.0,14157.0,13450.143,13877.0,236.0,198.857
2020-12-06,834913.0,11928.0,13258.286,14054.0,177.0,205.857
2020-12-07,843898.0,8985.0,13079.286,14208.0,154.0,211.0
2020-12-08,855054.0,11156.0,12848.143,14413.0,205.0,207.286
2020-12-09,867991.0,12937.0,12775.857,14702.0,289.0,223.143
2020-12-10,881727.0,13736.0,12622.143,14981.0,279.0,226.714
2020-12-11,895620.0,13893.0,12398.857,15278.0,297.0,233.857
2020-12-12,908839.0,13219.0,12264.857,15528.0,250.0,235.857
2020-12-13,918444.0,9605.0,11933.0,15691.0,163.0,233.857
2020-12-14,925321.0,6877.0,11631.857,15792.0,101.0,226.286
2020-12-15,934161.0,8840.0,11301.0,16038.0,246.0,232.143
2020-12-16,945218.0,11057.0,11032.429,16314.0,276.0,230.286
2020-12-17,957692.0,12474.0,10852.143,16579.0,265.0,228.286
2020-12-18,970758.0,13066.0,10734.0,16848.0,269.0,224.286
2020-12-19,982937.0,12179.0,10585.429,17072.0,224.0,220.571
2020-12-20,991700.0,8763.0,10465.143,17201.0,129.0,215.714
2020-12-21,998678.0,6978.0,10479.571,17293.0,92.0,214.429
2020-12-22,1007627.0,8949.0,10495.143,17535.0,242.0,213.857
2020-12-23,1018199.0,10572.0,10425.857,17823.0,288.0,215.571
2020-12-24,1030125.0,11926.0,10347.571,18057.0,234.0,211.143
2020-12-25,1041583.0,11458.0,10117.857,18255.0,198.0,201.0
2020-12-26,1049717.0,8134.0,9540.0,18389.0,134.0,188.143
2020-12-27,1056265.0,6548.0,9223.571,18472.0,83.0,181.571
2020-12-28,1061074.0,4809.0,8913.714,18555.0,83.0,180.286
2020-12-29,1068476.0,7402.0,8692.714,18801.0,246.0,180.857
2020-12-30,1076880.0,8404.0,8383.0,19058.0,257.0,176.429
2020-12-31,1086997.0,10117.0,8124.571,19281.0,223.0,174.857
2021-01-01,1096855.0,9858.0,7896.0,19437.0,156.0,168.857
2021-01-02,1102256.0,5401.0,7505.571,19498.0,61.0,158.429
2021-01-03,1107137.0,4881.0,7267.429,19630.0,132.0,165.429
2021-01-04,1111631.0,4494.0,7222.429,19712.0,82.0,165.286
2021-01-05,1117256.0,5625.0,6968.571,19929.0,217.0,161.143
2021-01-06,1124482.0,7226.0,6800.286,20171.0,242.0,159.0
2021-01-07,1133802.0,9320.0,6686.429,20334.0,163.0,150.429
2021-01-08,1139800.0,5998.0,6135.0,20432.0,98.0,142.143
2021-01-09,1144943.0,5143.0,6098.143,20526.0,94.0,146.857
2021-01-10,1150265.0,5322.0,6161.143,20641.0,115.0,144.429
2021-01-11,1154850.0,4585.0,6174.143,20719.0,78.0,143.857
2021-01-12,1160243.0,5393.0,6141.0,20915.0,196.0,140.857
2021-01-13,1166958.0,6715.0,6068.0,21121.0,206.0,135.714
2021-01-14,1175343.0,8385.0,5934.429,21300.0,179.0,138.0
2021-01-15,1183963.0,8620.0,6309.0,21479.0,179.0,149.571
2021-01-16,1192114.0,8151.0,6738.714,21637.0,158.0,158.714
2021-01-17,1198512.0,6398.0,6892.429,21767.0,130.0,160.857
2021-01-18,1201894.0,3382.0,6720.571,21847.0,80.0,161.143
2021-01-19,1206125.0,4231.0,6554.571,22037.0,190.0,160.286
2021-01-20,1210854.0,4729.0,6270.857,22264.0,227.0,163.286
2021-01-21,1216780.0,5926.0,5919.571,22521.0,257.0,174.429
2021-01-22,1222459.0,5679.0,5499.429,22698.0,177.0,174.143
2021-01-23,1227723.0,5264.0,5087.0,22830.0,132.0,170.429
2021-01-24,1231965.0,4242.0,4779.0,22926.0,96.0,165.571
2021-01-25,1234772.0,2807.0,4696.857,23001.0,75.0,164.857
2021-01-26,1237810.0,3038.0,4526.429,23148.0,147.0,158.714
2021-01-27,1241863.0,4053.0,4429.857,23307.0,159.0,149.0
2021-01-28,1247674.0,5811.0,4413.429,23469.0,162.0,135.429
2021-01-29,1253127.0,5453.0,4381.143,23610.0,141.0,130.286
2021-01-30,1258093.0,4966.0,4338.571,23769.0,159.0,134.143
2021-01-31,1261546.0,3453.0,4225.857,23860.0,91.0,133.429
2021-02-01,1263833.0,2287.0,4151.571,23931.0,71.0,132.857
2021-02-02,1266464.0,2631.0,4093.429,24100.0,169.0,136.0
2021-02-03,1270001.0,3537.0,4019.714,24276.0,176.0,138.429
2021-02-04,1275334.0,5333.0,3951.429,24429.0,153.0,137.143
2021-02-05,1280501.0,5167.0,3910.571,24599.0,170.0,141.286
2021-02-06,1285059.0,4558.0,3852.286,24735.0,136.0,138.0
2021-02-07,1288669.0,3610.0,3874.714,24828.0,93.0,138.286
2021-02-08,1291025.0,2356.0,3884.571,24884.0,56.0,136.143
2021-02-09,1293892.0,2867.0,3918.286,25022.0,138.0,131.714
2021-02-10,1297537.0,3645.0,3933.714,25195.0,173.0,131.286
2021-02-11,1302811.0,5274.0,3925.286,25330.0,135.0,128.714
2021-02-12,1307806.0,4995.0,3900.714,25457.0,127.0,122.571
2021-02-13,1313209.0,5403.0,4021.429,25578.0,121.0,120.429
2021-02-14,1316520.0,3311.0,3978.714,25631.0,53.0,114.714
2021-02-15,1319060.0,2540.0,4005.0,25702.0,71.0,116.857
2021-02-16,1322406.0,3346.0,4073.429,25862.0,160.0,120.0
2021-02-17,1326891.0,4485.0,4193.429,26017.0,155.0,117.429
2021-02-18,1333332.0,6441.0,4360.143,26191.0,174.0,123.0
2021-02-19,1340054.0,6722.0,4606.857,26320.0,129.0,123.286
2021-02-20,1346527.0,6473.0,4759.714,26404.0,84.0,118.0
2021-02-21,1351190.0,4663.0,4952.857,26470.0,66.0,119.857
2021-02-22,1354545.0,3355.0,5069.286,26531.0,61.0,118.429
2021-02-23,1358871.0,4326.0,5209.286,26690.0,159.0,118.286
2021-02-24,1364861.0,5990.0,5424.286,26847.0,157.0,118.571
2021-02-25,1373139.0,8278.0,5686.714,26991.0,144.0,114.286
2021-02-26,1381273.0,8134.0,5888.429,27146.0,155.0,118.0
2021-02-27,1389570.0,8297.0,6149.0,27306.0,160.0,128.857
2021-02-28,1395528.0,5958.0,6334.0,27404.0,98.0,133.429
2021-03-01,1399934.0,4406.0,6484.143,27480.0,76.0,135.571
2021-03-02,1405394.0,5460.0,6646.143,27650.0,170.0,137.143
2021-03-03,1412748.0,7354.0,6841.0,27844.0,194.0,142.429
2021-03-04,1422927.0,10179.0,7112.571,28046.0,202.0,150.714
2021-03-05,1433200.0,10273.0,7418.143,28227.0,181.0,154.429
2021-03-06,1442457.0,9257.0,7555.286,28392.0,165.0,155.143
2021-03-07,1449741.0,7284.0,7744.714,28502.0,110.0,156.857
2021-03-08,1455421.0,5680.0,7926.714,28616.0,114.0,162.286
2021-03-09,1458785.0,3364.0,7627.286,28698.0,82.0,149.714
2021-03-10,1465265.0,6480.0,7502.429,28925.0,227.0,154.429
2021-03-11,1474452.0,9187.0,7360.714,29195.0,270.0,164.143
2021-03-12,1487497.0,13045.0,7756.714,29434.0,239.0,172.429
2021-03-13,1500873.0,13376.0,8345.143,29684.0,250.0,184.571
2021-03-14,1509983.0,9110.0,8606.0,29835.0,151.0,190.429
2021-03-15,1516865.0,6882.0,8777.714,29969.0,134.0,193.286
2021-03-16,1526595.0,9730.0,9687.143,30239.0,270.0,220.143
2021-03-17,1538516.0,11921.0,10464.429,30535.0,296.0,230.0
2021-03-18,1553659.0,15143.0,11315.286,30811.0,276.0,230.857
2021-03-19,1569596.0,15937.0,11728.429,31078.0,267.0,234.857
2021-03-20,1584972.0,15376.0,12014.143,31344.0,266.0,237.143
2021-03-21,1596201.0,11229.0,12316.857,31514.0,170.0,239.857
2021-03-22,1604183.0,7982.0,12474.0,31677.0,163.0,244.0
2021-03-23,1615747.0,11564.0,12736.0,32018.0,341.0,254.143
2021-03-24,1630013.0,14266.0,13071.0,32368.0,350.0,261.857
2021-03-25,1646775.0,16762.0,13302.286,32737.0,369.0,275.143
2021-03-26,1665001.0,18226.0,13629.286,33068.0,331.0,284.286
2021-03-27,1682527.0,17526.0,13936.429,33363.0,295.0,288.429
2021-03-28,1694568.0,12041.0,14052.429,33571.0,208.0,293.857
2021-03-29,1703036.0,8468.0,14121.857,33752.0,181.0,296.429
2021-03-30,1713684.0,10648.0,13991.0,34043.0,291.0,289.286
2021-03-31,1725029.0,11345.0,13573.714,34456.0,413.0,298.286
2021-04-01,1742710.0,17681.0,13705.0,34885.0,429.0,306.857
2021-04-02,1762713.0,20003.0,13958.857,35326.0,441.0,322.571
2021-04-03,1783169.0,20456.0,14377.429,35729.0,403.0,338.0
2021-04-04,1797027.0,13858.0,14637.0,35994.0,265.0,346.143
2021-04-05,1807327.0,10300.0,14898.714,36255.0,261.0,357.571
2021-04-06,1820725.0,13398.0,15291.571,36692.0,437.0,378.429
2021-04-07,1836260.0,15535.0,15890.143,37178.0,486.0,388.857
2021-04-08,1855806.0,19546.0,16156.571,37649.0,471.0,394.857
2021-04-09,1875605.0,19799.0,16127.429,38074.0,425.0,392.571
2021-04-10,1893192.0,17587.0,15717.571,38479.0,405.0,392.857
2021-04-11,1905430.0,12238.0,15486.143,38718.0,239.0,389.143
2021-04-12,1913415.0,7985.0,15155.429,39012.0,294.0,393.857
2021-04-13,1925224.0,11809.0,14928.429,39477.0,465.0,397.857
2021-04-14,1939901.0,14677.0,14805.857,39950.0,473.0,396.0
2021-04-15,1956454.0,16553.0,14378.286,40389.0,439.0,391.429
2021-04-16,1974056.0,17602.0,14064.429,40832.0,443.0,394.0
2021-04-17,1989160.0,15104.0,13709.714,41278.0,446.0,399.857
2021-04-18,1999567.0,10407.0,13448.143,41534.0,256.0,402.286
2021-04-19,2006197.0,6630.0,13254.571,41755.0,221.0,391.857
2021-04-20,2015257.0,9060.0,12861.857,42129.0,374.0,378.857
2021-04-21,2027544.0,12287.0,12520.429,42565.0,436.0,373.571
2021-04-22,2043901.0,16357.0,12492.429,43041.0,476.0,378.857
2021-04-23,2058301.0,14400.0,12035.0,43483.0,442.0,378.714
2021-04-24,2071142.0,12841.0,11711.714,43884.0,401.0,372.286
2021-04-25,2079200.0,8058.0,11376.143,44121.0,237.0,369.571
2021-04-26,2084384.0,5184.0,11169.571,44323.0,202.0,366.857
2021-04-27,2092421.0,8037.0,11023.429,44763.0,440.0,376.286
2021-04-28,2102130.0,9709.0,10655.143,45211.0,448.0,378.0
2021-04-29,2113880.0,11750.0,9997.0,45607.0,396.0,366.571
2021-04-30,2124070.0,10190.0,9395.571,45923.0,316.0,348.571
2021-05-01,2132742.0,8672.0,8800.0,46281.0,358.0,342.429
2021-05-02,2137959.0,5217.0,8394.143,46447.0,166.0,332.286
2021-05-03,2140838.0,2879.0,8064.857,46607.0,160.0,326.286
2021-05-04,2143427.0,2589.0,7286.571,46781.0,174.0,288.286
2021-05-05,2146121.0,2694.0,6284.429,46950.0,169.0,248.429
2021-05-06,2152280.0,6159.0,5485.714,47331.0,381.0,246.286
2021-05-07,2160809.0,8529.0,5248.429,47717.0,386.0,256.286
2021-05-08,2169650.0,8841.0,5272.571,48095.0,378.0,259.143
2021-05-09,2175151.0,5501.0,5313.143,48294.0,199.0,263.857
2021-05-10,2178095.0,2944.0,5322.429,48419.0,125.0,258.857
2021-05-11,2180429.0,2334.0,5286.0,48544.0,125.0,251.857
2021-05-12,2185088.0,4659.0,5566.714,48908.0,364.0,279.714
2021-05-13,2192022.0,6934.0,5677.429,49261.0,353.0,275.714
2021-05-14,2199708.0,7686.0,5557.0,49554.0,293.0,262.429
2021-05-15,2206627.0,6919.0,5282.429,49881.0,327.0,255.143
2021-05-16,2210375.0,3748.0,5032.0,50019.0,138.0,246.429
2021-05-17,2212635.0,2260.0,4934.286,50132.0,113.0,244.714
2021-05-18,2216856.0,4221.0,5203.857,50425.0,293.0,268.714
2021-05-19,2222115.0,5259.0,5289.571,50658.0,233.0,250.0
2021-05-20,2227400.0,5285.0,5054.0,50867.0,209.0,229.429
2021-05-21,2232510.0,5110.0,4686.0,51076.0,209.0,217.429
2021-05-22,2237240.0,4730.0,4373.286,51260.0,184.0,197.0
2021-05-23,2239897.0,2657.0,4217.429,51353.0,93.0,190.571
2021-05-24,2241354.0,1457.0,4102.714,51425.0,72.0,184.714
2021-05-25,2244084.0,2730.0,3889.714,51682.0,257.0,179.571
2021-05-26,2247605.0,3521.0,3641.429,51898.0,216.0,177.143
2021-05-27,2251242.0,3637.0,3406.0,52088.0,190.0,174.429
2021-05-28,2254674.0,3432.0,3166.286,52252.0,164.0,168.0
2021-05-29,2257904.0,3230.0,2952.0,52414.0,162.0,164.857
2021-05-30,2259743.0,1839.0,2835.143,52504.0,90.0,164.429
2021-05-31,2260899.0,1156.0,2792.143,52573.0,69.0,164.0
2021-06-01,2263167.0,2268.0,2726.143,52742.0,169.0,151.429
2021-06-02,2265502.0,2335.0,2556.714,52907.0,165.0,144.143
2021-06-03,2268209.0,2707.0,2423.857,53015.0,108.0,132.429
2021-06-04,2270602.0,2393.0,2275.429,53117.0,102.0,123.571
2021-06-05,2272633.0,2031.0,2104.143,53211.0,94.0,113.857
2021-06-06,2273708.0,1075.0,1995.0,53258.0,47.0,107.714
2021-06-07,2274375.0,667.0,1925.143,53295.0,37.0,103.143
2021-06-08,2276111.0,1736.0,1849.143,53420.0,125.0,96.857
2021-06-09,2277632.0,1521.0,1732.857,53503.0,83.0,85.143
2021-06-10,2279556.0,1924.0,1621.0,53607.0,104.0,84.571
2021-06-11,2281303.0,1747.0,1528.714,53683.0,76.0,80.857
2021-06-12,2282727.0,1424.0,1442.0,53758.0,75.0,78.143
2021-06-13,2283746.0,1019.0,1434.0,53795.0,37.0,76.714
2021-06-14,2284337.0,591.0,1423.143,53812.0,17.0,73.857
2021-06-15,2285534.0,1197.0,1346.143,53894.0,82.0,67.714
2021-06-16,2286767.0,1233.0,1305.0,53980.0,86.0,68.143
2021-06-17,2288155.0,1388.0,1228.429,54041.0,61.0,62.0
2021-06-18,2289333.0,1178.0,1147.143,54097.0,56.0,59.143
2021-06-19,2290412.0,1079.0,1097.857,54142.0,45.0,54.857
2021-06-20,2291135.0,723.0,1055.571,54171.0,29.0,53.714
2021-06-21,2291722.0,587.0,1055.0,54192.0,21.0,54.286
2021-06-22,2292295.0,573.0,965.857,54220.0,28.0,46.571
2021-06-23,2293421.0,1126.0,950.571,54299.0,79.0,45.571
2021-06-24,2294669.0,1248.0,930.571,54366.0,67.0,46.429
2021-06-25,2295873.0,1204.0,934.286,54429.0,63.0,47.429
2021-06-26,2296982.0,1109.0,938.571,54473.0,44.0,47.286
2021-06-27,2297801.0,819.0,952.286,54498.0,25.0,46.714
2021-06-28,2298478.0,677.0,965.143,54517.0,19.0,46.429
2021-06-29,2299059.0,581.0,966.286,54531.0,14.0,44.429
2021-06-30,2300101.0,1042.0,954.286,54581.0,50.0,40.286
2021-07-01,2301221.0,1120.0,936.0,54644.0,63.0,39.714
2021-07-02,2302344.0,1123.0,924.429,54687.0,43.0,36.857
2021-07-03,2303485.0,1141.0,929.0,54735.0,48.0,37.429
2021-07-04,2304311.0,826.0,930.0,54758.0,23.0,37.143
2021-07-05,2305013.0,702.0,933.571,54784.0,26.0,38.143
2021-07-06,2306006.0,993.0,992.429,54815.0,31.0,40.571
2021-07-07,2307068.0,1062.0,995.286,54860.0,45.0,39.857
2021-07-08,2308142.0,1074.0,988.714,54894.0,34.0,35.714
2021-07-09,2309264.0,1122.0,988.571,54917.0,23.0,32.857
2021-07-10,2310246.0,982.0,965.857,54949.0,32.0,30.571
2021-07-11,2311025.0,779.0,959.143,54964.0,15.0,29.429
2021-07-12,2311690.0,665.0,953.857,54981.0,17.0,28.143
2021-07-13,2312662.0,972.0,950.857,55030.0,49.0,30.714
2021-07-14,2313705.0,1043.0,948.143,55066.0,36.0,29.429
2021-07-15,2314828.0,1123.0,955.143,55097.0,31.0,29.0
2021-07-16,2316081.0,1253.0,973.857,55124.0,27.0,29.571
2021-07-17,2317198.0,1117.0,993.143,55151.0,27.0,28.857
2021-07-18,2318035.0,837.0,1001.429,55170.0,19.0,29.429
2021-07-19,2318752.0,717.0,1008.857,55183.0,13.0,28.857
2021-07-20,2319886.0,1134.0,1032.0,55221.0,38.0,27.286
2021-07-21,2321081.0,1195.0,1053.714,55245.0,24.0,25.571
2021-07-22,2322340.0,1259.0,1073.143,55279.0,34.0,26.0
2021-07-23,2323638.0,1298.0,1079.571,55311.0,32.0,26.714
2021-07-24,2324935.0,1297.0,1105.286,55347.0,36.0,28.0
2021-07-25,2325776.0,841.0,1105.857,55369.0,22.0,28.429
2021-07-26,2326550.0,774.0,1114.0,55381.0,12.0,28.286
2021-07-27,2327777.0,1227.0,1127.286,55420.0,39.0,28.429
2021-07-28,2329044.0,1267.0,1137.571,55449.0,29.0,29.143
2021-07-29,2330440.0,1396.0,1157.143,55489.0,40.0,30.0
2021-07-30,2331950.0,1510.0,1187.429,55521.0,32.0,30.0
2021-07-31,2333409.0,1459.0,1210.571,55556.0,35.0,29.857
2021-08-01,2334433.0,1024.0,1236.714,55577.0,21.0,29.714
2021-08-02,2335237.0,804.0,1241.0,55596.0,19.0,30.714
2021-08-03,2336603.0,1366.0,1260.857,55643.0,47.0,31.857
2021-08-04,2338123.0,1520.0,1297.0,55707.0,64.0,36.857
2021-08-05,2339731.0,1608.0,1327.286,55755.0,48.0,38.0
2021-08-06,2341399.0,1668.0,1349.857,55792.0,37.0,38.714
2021-08-07,2343046.0,1647.0,1376.714,55836.0,44.0,40.0
2021-08-08,2344260.0,1214.0,1403.857,55867.0,31.0,41.429
2021-08-09,2345166.0,906.0,1418.429,55890.0,23.0,42.0
2021-08-10,2346560.0,1394.0,1422.429,55937.0,47.0,42.0
2021-08-11,2348295.0,1735.0,1453.143,55977.0,40.0,38.571
2021-08-12,2350163.0,1868.0,1490.286,56021.0,44.0,38.0
2021-08-13,2352042.0,1879.0,1520.429,56085.0,64.0,41.857
2021-08-14,2354008.0,1966.0,1566.0,56126.0,41.0,41.429
2021-08-15,2355317.0,1309.0,1579.571,56159.0,33.0,41.714
2021-08-16,2356345.0,1028.0,1597.0,56190.0,31.0,42.857
2021-08-17,2357844.0,1499.0,1612.0,56237.0,47.0,42.857
2021-08-18,2359893.0,2049.0,1656.857,56297.0,60.0,45.714
2021-08-19,2362052.0,2159.0,1698.429,56352.0,55.0,47.286
2021-08-20,2364242.0,2190.0,1742.857,56399.0,47.0,44.857
2021-08-21,2366560.0,2318.0,1793.143,56457.0,58.0,47.286
2021-08-22,2368150.0,1590.0,1833.286,56498.0,41.0,48.429
2021-08-23,2369339.0,1189.0,1856.286,56526.0,28.0,48.0
2021-08-24,2370604.0,1265.0,1822.857,56573.0,47.0,48.0
2021-08-25,2371895.0,1291.0,1714.571,56616.0,43.0,45.571
2021-08-26,2374012.0,2117.0,1708.571,56682.0,66.0,47.143
2021-08-27,2376571.0,2559.0,1761.286,56769.0,87.0,52.857
2021-08-28,2379159.0,2588.0,1799.857,56847.0,78.0,55.714
2021-08-29,2381553.0,2394.0,1914.714,56900.0,53.0,57.429
2021-08-30,2382769.0,1216.0,1918.571,56934.0,34.0,58.286
2021-08-31,2384564.0,1795.0,1994.286,57004.0,70.0,61.571
2021-09-01,2387052.0,2488.0,2165.286,57066.0,62.0,64.286
2021-09-02,2389923.0,2871.0,2273.0,57129.0,63.0,63.857
2021-09-03,2393002.0,3079.0,2347.286,57192.0,63.0,60.429
2021-09-04,2395616.0,2614.0,2351.0,57236.0,44.0,55.571
2021-09-05,2397758.0,2142.0,2315.0,57287.0,51.0,55.286
2021-09-06,2398900.0,1142.0,2304.429,57319.0,32.0,55.0
2021-09-07,2401462.0,2562.0,2414.0,57392.0,73.0,55.429
2021-09-08,2404585.0,3123.0,2504.714,57472.0,80.0,58.0
2021-09-09,2408595.0,4010.0,2667.429,57552.0,80.0,60.429
2021-09-10,2412543.0,3948.0,2791.571,57648.0,96.0,65.143
2021-09-11,2416739.0,4196.0,3017.571,57735.0,87.0,71.286
2021-09-12,2419254.0,2515.0,3070.857,57772.0,37.0,69.286
2021-09-13,2420776.0,1522.0,3125.143,57797.0,25.0,68.286
2021-09-14,2424416.0,3640.0,3279.143,57913.0,116.0,74.429
2021-09-15,2429354.0,4938.0,3538.429,58025.0,112.0,79.0
2021-09-16,2435404.0,6050.0,3829.857,58146.0,121.0,84.857
2021-09-17,2442344.0,6940.0,4257.286,58265.0,119.0,88.143
2021-09-18,2448908.0,6564.0,4595.571,58363.0,98.0,89.714
2021-09-19,2453240.0,4332.0,4855.143,58422.0,59.0,92.857
2021-09-20,2455873.0,2633.0,5013.857,58477.0,55.0,97.143
2021-09-21,2461415.0,5542.0,5285.571,58629.0,152.0,102.286
2021-09-22,2468567.0,7152.0,5601.857,58754.0,125.0,104.143
2021-09-23,2476848.0,8281.0,5920.571,58895.0,141.0,107.0
2021-09-24,2486343.0,9495.0,6285.571,59053.0,158.0,112.571
2021-09-25,2495068.0,8725.0,6594.286,59202.0,149.0,119.857
2021-09-26,2500198.0,5130.0,6708.286,59281.0,79.0,122.714
2021-09-27,2503710.0,3512.0,6833.857,59384.0,103.0,129.571
2021-09-28,2510781.0,7071.0,7052.286,59540.0,156.0,130.143
2021-09-29,2520986.0,10205.0,7488.429,59768.0,228.0,144.857
2021-09-30,2533301.0,12315.0,8064.714,59980.0,212.0,155.0
2021-10-01,2545904.0,12603.0,8508.714,60164.0,184.0,158.714
2021-10-02,2558300.0,12396.0,9033.143,60380.0,216.0,168.286
2021-10-03,2566875.0,8575.0,9525.286,60514.0,134.0,176.143
2021-10-04,2572327.0,5452.0,9802.429,60634.0,120.0,178.571
2021-10-05,2582818.0,10491.0,10291.0,60970.0,336.0,204.286
2021-10-06,2596134.0,13316.0,10735.429,61309.0,339.0,220.143
2021-10-07,2611928.0,15794.0,11232.429,61637.0,328.0,236.714
2021-10-08,2628975.0,17047.0,11867.286,61893.0,256.0,247.0
2021-10-09,2645597.0,16622.0,12471.0,62157.0,264.0,253.857
2021-10-10,2657699.0,12102.0,12974.857,62332.0,175.0,259.714
2021-10-11,2667304.0,9605.0,13568.143,62550.0,218.0,273.714
2021-10-12,2680076.0,12772.0,13894.0,62921.0,371.0,278.714
2021-10-13,2697176.0,17100.0,14434.571,63414.0,493.0,300.714
2021-10-14,2716867.0,19691.0,14991.286,63847.0,433.0,315.714
2021-10-15,2731325.0,14458.0,14621.429,64068.0,221.0,310.714
2021-10-16,2745165.0,13840.0,14224.0,64367.0,299.0,315.714
2021-10-17,2757328.0,12163.0,14232.714,64603.0,236.0,324.429
2021-10-18,2767743.0,10415.0,14348.429,64797.0,194.0,321.0
2021-10-19,2784227.0,16484.0,14878.714,65359.0,562.0,348.286
2021-10-20,2804050.0,19823.0,15267.714,65876.0,517.0,351.714
2021-10-21,2827388.0,23338.0,15788.714,66447.0,571.0,371.429
2021-10-22,2852109.0,24721.0,17254.857,67087.0,640.0,431.286
2021-10-23,2876288.0,24179.0,18731.857,67597.0,510.0,461.429
2021-10-24,2898049.0,21761.0,20103.0,68008.0,411.0,486.429
2021-10-25,2913666.0,15617.0,20846.143,68365.0,357.0,509.714
2021-10-26,2933778.0,20112.0,21364.429,69130.0,765.0,538.714
2021-10-27,2957359.0,23581.0,21901.286,69854.0,724.0,568.286
2021-10-28,2984456.0,27097.0,22438.286,70475.0,621.0,575.429
2021-10-29,3012370.0,27914.0,22894.429,71141.0,666.0,579.143
2021-10-30,3039616.0,27246.0,23332.571,71710.0,569.0,587.571
2021-10-31,3058108.0,18492.0,22865.571,72073.0,363.0,580.714
2021-11-01,3073125.0,15017.0,22779.857,72402.0,329.0,576.714
2021-11-02,3093661.0,20536.0,22840.429,73136.0,734.0,572.286
2021-11-03,3118140.0,24479.0,22968.714,73888.0,752.0,576.286
2021-11-04,3146617.0,28477.0,23165.857,74617.0,729.0,591.714
2021-11-05,3174223.0,27606.0,23121.857,75346.0,729.0,600.714
2021-11-06,3200411.0,26188.0,22970.714,76175.0,829.0,637.857
2021-11-07,3218967.0,18556.0,22979.857,76657.0,482.0,654.857
2021-11-08,3233178.0,14211.0,22864.714,77156.0,499.0,679.143
2021-11-09,3253327.0,20149.0,22809.429,78017.0,861.0,697.286
2021-11-10,3277772.0,24445.0,22804.571,78865.0,848.0,711.0
2021-11-11,3303694.0,25922.0,22439.571,79548.0,683.0,704.429
2021-11-12,3328934.0,25240.0,22101.571,80330.0,782.0,712.0
2021-11-13,3353694.0,24760.0,21897.571,81054.0,724.0,697.0
2021-11-14,3369387.0,15693.0,21488.571,81482.0,428.0,689.286
2021-11-15,3381399.0,12012.0,21174.429,81948.0,466.0,684.571
2021-11-16,3398913.0,17514.0,20798.0,82813.0,865.0,685.143
2021-11-17,3418792.0,19879.0,20145.714,83609.0,796.0,677.714
2021-11-18,3440602.0,21810.0,19558.286,84393.0,784.0,692.143
2021-11-19,3461873.0,21271.0,18991.286,85151.0,758.0,688.714
2021-11-20,3481347.0,19474.0,18236.143,85847.0,696.0,684.714
2021-11-21,3493203.0,11856.0,17688.0,86260.0,413.0,682.571
2021-11-22,3501815.0,8612.0,17202.286,86615.0,355.0,666.714
2021-11-23,3515641.0,13826.0,16675.429,87371.0,756.0,651.143
2021-11-24,3530969.0,15328.0,16025.286,87999.0,628.0,627.143
2021-11-25,3548842.0,17873.0,15462.857,88664.0,665.0,610.143
2021-11-26,3565644.0,16802.0,14824.429,89307.0,643.0,593.714
2021-11-27,3580671.0,15027.0,14189.143,89911.0,604.0,580.571
2021-11-28,3588916.0,8245.0,13673.286,90345.0,434.0,583.571
2021-11-29,3595410.0,6494.0,13370.714,90673.0,328.0,579.714
2021-11-30,3606622.0,11212.0,12997.286,91268.0,595.0,556.714
2021-12-01,3619223.0,12601.0,12607.714,91860.0,592.0,551.571
2021-12-02,3633386.0,14163.0,12077.714,92418.0,558.0,536.286
2021-12-03,3647777.0,14391.0,11733.286,92960.0,542.0,521.857
2021-12-04,3661583.0,13806.0,11558.857,93426.0,466.0,502.143
2021-12-05,3668794.0,7211.0,11411.143,93734.0,308.0,484.143
2021-12-06,3673839.0,5045.0,11204.143,94002.0,268.0,475.571
2021-12-07,3683044.0,9205.0,10917.429,94499.0,497.0,461.571
2021-12-08,3692939.0,9895.0,10530.857,94979.0,480.0,445.571
2021-12-09,3705823.0,12884.0,10348.143,95478.0,499.0,437.143
2021-12-10,3717640.0,11817.0,9980.429,95952.0,474.0,427.429
2021-12-11,3728246.0,10606.0,9523.286,96427.0,475.0,428.714
2021-12-12,3733967.0,5721.0,9310.429,96695.0,268.0,423.0
2021-12-13,3738390.0,4423.0,9221.571,96910.0,215.0,415.429
2021-12-14,3746106.0,7716.0,9008.857,97328.0,418.0,404.143
2021-12-15,3754567.0,8461.0,8804.0,97714.0,386.0,390.714
2021-12-16,3764485.0,9918.0,8380.286,98097.0,383.0,374.143
2021-12-17,3773700.0,9215.0,8008.571,98453.0,356.0,357.286
2021-12-18,3781506.0,7806.0,7608.571,98769.0,316.0,334.571
2021-12-19,3785395.0,3889.0,7346.857,98972.0,203.0,325.286
2021-12-20,3788209.0,2814.0,7117.0,99153.0,181.0,320.429
2021-12-21,3794490.0,6281.0,6912.0,99528.0,375.0,314.286
2021-12-22,3801079.0,6589.0,6644.571,99856.0,328.0,306.0
2021-12-23,3808612.0,7533.0,6303.857,100159.0,303.0,294.571
2021-12-24,3815440.0,6828.0,5962.857,100433.0,274.0,282.857
2021-12-25,3820891.0,5451.0,5626.429,100727.0,294.0,279.714
2021-12-26,3823879.0,2988.0,5497.714,100891.0,164.0,274.143
2021-12-27,3825917.0,2038.0,5386.857,101049.0,158.0,270.857
2021-12-28,3828336.0,2419.0,4835.143,101212.0,163.0,240.571
2021-12-29,3833952.0,5616.0,4696.143,101548.0,336.0,241.714
2021-12-30,3840041.0,6089.0,4489.857,101847.0,299.0,241.143
2021-12-31,3847226.0,7185.0,4540.857,102088.0,241.0,236.429
2022-01-01,3852397.0,5171.0,4500.857,102300.0,212.0,224.714
2022-01-02,3854405.0,2008.0,4360.857,102421.0,121.0,218.571
2022-01-03,3856359.0,1954.0,4348.857,102558.0,137.0,215.571
2022-01-04,3858248.0,1889.0,4273.143,102717.0,159.0,215.0
2022-01-05,3862959.0,4711.0,4143.857,103014.0,297.0,209.429
2022-01-06,3869728.0,6769.0,4241.0,103225.0,211.0,196.857
2022-01-07,3877032.0,7304.0,4258.0,103434.0,209.0,192.286
2022-01-08,3880371.0,3339.0,3996.286,103523.0,89.0,174.714
2022-01-09,3883316.0,2945.0,4130.143,103615.0,92.0,170.571
2022-01-10,3885416.0,2100.0,4151.0,103716.0,101.0,165.429
2022-01-11,3890974.0,5558.0,4675.143,103950.0,234.0,176.143
2022-01-12,3898240.0,7266.0,5040.143,104159.0,209.0,163.571
2022-01-13,3908469.0,10229.0,5534.429,104367.0,208.0,163.143
2022-01-14,3919151.0,10682.0,6017.0,104521.0,154.0,155.286
2022-01-15,3929950.0,10799.0,7082.714,104663.0,142.0,162.857
2022-01-16,3936582.0,6632.0,7609.429,104765.0,102.0,164.286
2022-01-17,3941923.0,5341.0,8072.429,104856.0,91.0,162.857
2022-01-18,3950774.0,8851.0,8542.857,105059.0,203.0,158.429
2022-01-19,3963917.0,13143.0,9382.429,105236.0,177.0,153.857
2022-01-20,3982738.0,18821.0,10609.857,105380.0,144.0,144.714
2022-01-21,4003280.0,20542.0,12018.429,105545.0,165.0,146.286
2022-01-22,4026198.0,22918.0,13749.714,105693.0,148.0,147.143
2022-01-23,4042152.0,15954.0,15081.429,105791.0,98.0,146.571
2022-01-24,4055643.0,13491.0,16245.714,105871.0,80.0,145.0
2022-01-25,4075351.0,19708.0,17796.714,106047.0,176.0,141.143
2022-01-26,4100292.0,24941.0,19482.143,106205.0,158.0,138.429
2022-01-27,4133396.0,33104.0,21522.571,106373.0,168.0,141.857
2022-01-28,4168560.0,35164.0,23611.429,106529.0,156.0,140.571
2022-01-29,4206731.0,38171.0,25790.429,106690.0,161.0,142.429
2022-01-30,4232143.0,25412.0,27141.571,106793.0,103.0,143.143
2022-01-31,4255206.0,23063.0,28509.0,106880.0,87.0,144.143
2022-02-01,4287117.0,31911.0,30252.286,107086.0,206.0,148.429
2022-02-02,4323009.0,35892.0,31816.714,107303.0,217.0,156.857
2022-02-03,4363754.0,40745.0,32908.286,107524.0,221.0,164.429
2022-02-04,4408776.0,45022.0,34316.571,107712.0,188.0,169.0
2022-02-05,4452612.0,43836.0,35125.857,107907.0,195.0,173.857
2022-02-06,4481918.0,29306.0,35682.143,108027.0,120.0,176.286
2022-02-07,4506669.0,24751.0,35923.286,108151.0,124.0,181.571
2022-02-08,4542568.0,35899.0,36493.0,108417.0,266.0,190.143
2022-02-09,4582137.0,39569.0,37018.286,108668.0,251.0,195.0
2022-02-10,4625614.0,43477.0,37408.571,108958.0,290.0,204.857
2022-02-11,4668581.0,42967.0,37115.0,109206.0,248.0,213.429
2022-02-12,4708604.0,40023.0,36570.286,109483.0,277.0,225.143
2022-02-13,4735258.0,26654.0,36191.429,109635.0,152.0,229.714
2022-02-14,4753922.0,18664.0,35321.857,109788.0,153.0,233.857
2022-02-15,4785138.0,31216.0,34652.857,110105.0,317.0,241.143
2022-02-16,4818112.0,32974.0,33710.714,110427.0,322.0,251.286
2022-02-17,4853339.0,35227.0,32532.143,110698.0,271.0,248.571
2022-02-18,4890332.0,36993.0,31678.714,110989.0,291.0,254.714
2022-02-19,4923680.0,33348.0,30725.143,111261.0,272.0,254.0
2022-02-20,4943428.0,19748.0,29738.571,111423.0,162.0,255.429
2022-02-21,4959461.0,16033.0,29362.714,111561.0,138.0,253.286
2022-02-22,4986161.0,26700.0,28717.571,111862.0,301.0,251.0
2022-02-23,5012980.0,26819.0,27838.286,112173.0,311.0,249.429
2022-02-24,5040518.0,27538.0,26739.857,112459.0,286.0,251.571